mediaid,title,owner_username,date_local,mediacount,url,caption,caption_hashtags,caption_mentions,tagged_users,likes,comments,is_sponsored
3220847330290372365,,domelipa,2023-10-24_19-15-43_UTC,3,https://scontent-ams2-1.cdninstagram.com/v/t39.30808-6/395626803_18408624340006764_9222818985955371545_n.jpg?stp=dst-jpg_e35_p1080x1080_sh0.08&_nc_ht=scontent-ams2-1.cdninstagram.com&_nc_cat=1&_nc_ohc=v3UjkbOK6-YAX_UAcEe&edm=AOQ1c0wAAAAA&ccb=7-5&ig_cache_key=MzIyMDg0NzMyNDk5NzIxMzU4MQ%3D%3D.2-ccb7-5&oh=00_AfBoE93kzSkUc3y_smkKRf8GscB87_A8vDrZPrImGp4IZg&oe=653E292B&_nc_sid=8b3546,odio el naranja pero no me queda mal :p,[],[],"['fedevigevani', 'ianlucas', 'lukas.urkijo', 'itscarlitozz', 'iam.yankee']",678714,1311,False
3220847330290372365,,domelipa,2023-10-24_19-15-43_UTC,3,https://scontent-ams2-1.cdninstagram.com/v/t39.30808-6/395626803_18408624340006764_9222818985955371545_n.jpg?stp=dst-jpg_e35_p1080x1080_sh0.08&_nc_ht=scontent-ams2-1.cdninstagram.com&_nc_cat=1&_nc_ohc=v3UjkbOK6-YAX_UAcEe&edm=AOQ1c0wAAAAA&ccb=7-5&ig_cache_key=MzIyMDg0NzMyNDk5NzIxMzU4MQ%3D%3D.2-ccb7-5&oh=00_AfBoE93kzSkUc3y_smkKRf8GscB87_A8vDrZPrImGp4IZg&oe=653E292B&_nc_sid=8b3546,odio el naranja pero no me queda mal :p,[],[],"['fedevigevani', 'ianlucas', 'lukas.urkijo', 'itscarlitozz', 'iam.yankee']",680254,1312,False
3220242582478664208,,domelipa,2023-10-23_23-14-12_UTC,4,https://scontent-ams2-1.cdninstagram.com/v/t39.30808-6/392951305_18408463450006764_466938927312150822_n.jpg?stp=dst-jpg_e35_p1080x1080_sh0.08&_nc_ht=scontent-ams2-1.cdninstagram.com&_nc_cat=1&_nc_ohc=SAizU1frfBcAX-zcfKY&edm=AOQ1c0wAAAAA&ccb=7-5&ig_cache_key=MzIyMDI0MjU3NTQ1NzQyNzYxOQ%3D%3D.2-ccb7-5&oh=00_AfCXOLWPxS6sXz5bzdv6y2QLLaJLCBeXYunvHc1VtGFVIg&oe=653E8D0D&_nc_sid=8b3546,toptoptoptop,[],[],['bizarrap'],781088,2106,False
3218900369353940882,,domelipa,2023-10-22_02-47-27_UTC,4,https://scontent-ams2-1.cdninstagram.com/v/t39.30808-6/395138219_18408110395006764_1074023499310864868_n.jpg?stp=dst-jpg_e35_p1080x1080_sh0.08&_nc_ht=scontent-ams2-1.cdninstagram.com&_nc_cat=100&_nc_ohc=ivWCYWSGMhcAX9gmIAM&edm=AOQ1c0wAAAAA&ccb=7-5&ig_cache_key=MzIxODkwMDM2MTk0NjgwMTI0Ng%3D%3D.2-ccb7-5&oh=00_AfDYkOyvSrTwyJqGCQvl-i4PwRO7qzBJwKPXcEBV6khKFg&oe=653E1F03&_nc_sid=8b3546,¬ø?,[],[],['adidasmx'],531995,1303,False
3218104674627862445,,domelipa,2023-10-21_00-26-33_UTC,3,https://scontent-ams2-1.cdninstagram.com/v/t39.30808-6/394247864_18407892868006764_7538464179694323122_n.jpg?stp=dst-jpg_e35_p1080x1080_sh0.08&_nc_ht=scontent-ams2-1.cdninstagram.com&_nc_cat=1&_nc_ohc=jfjyiDc36FMAX9LZZar&edm=AOQ1c0wAAAAA&ccb=7-5&ig_cache_key=MzIxODEwNDY3MDI0ODkwMzkyMw%3D%3D.2-ccb7-5&oh=00_AfBFFkW36eYn9ThAUNIL4T1XusBTD2Z8cSxG5FCkS8ZiXA&oe=653E7E15&_nc_sid=8b3546,,[],[],[],901709,1875,False
3207954834967032496,,domelipa,2023-10-07_00-20-38_UTC,3,https://scontent-ams2-1.cdninstagram.com/v/t39.30808-6/386510892_18405258562006764_915253303394233303_n.jpg?stp=dst-jpg_e35_p1080x1080_sh0.08&_nc_ht=scontent-ams2-1.cdninstagram.com&_nc_cat=1&_nc_ohc=_ks_vKUleAUAX-usUir&edm=AOQ1c0wAAAAA&ccb=7-5&ig_cache_key=MzIwNzk1NDgyOTQ3MjY4Mzk0Mw%3D%3D.2-ccb7-5&oh=00_AfCNFELTHQwfuMsdEl7cDuTm3GXvBj6E3GFXSzxeJx9P0w&oe=653E745A&_nc_sid=8b3546,‚òÄÔ∏è,[],[],[],1266998,2514,False
3202864674131016507,,domelipa,2023-09-29_23-47-24_UTC,7,https://scontent-ams2-1.cdninstagram.com/v/t39.30808-6/382784315_18403955755006764_5857072915439750888_n.jpg?stp=dst-jpg_e35_p1080x1080_sh0.08&_nc_ht=scontent-ams2-1.cdninstagram.com&_nc_cat=100&_nc_ohc=cfrsx0jOjYYAX9imWZ9&edm=AOQ1c0wAAAAA&ccb=7-5&ig_cache_key=MzIwMjg2NDY2NTY3NTI5NjgyOA%3D%3D.2-ccb7-5&oh=00_AfB35OhnFo81S4L3wgUtTmT0osuZL008raMwEFSosPDJ2g&oe=653DF03B&_nc_sid=8b3546,üñ§,[],[],"['sebas', 'pipebueno', 'carloscasas____']",807946,1710,False
3190998961397408390,,domelipa,2023-09-13_14-52-20_UTC,2,https://scontent-ams2-1.cdninstagram.com/v/t39.30808-6/375946657_18400815103006764_2399946490887176260_n.jpg?stp=dst-jpg_e35_p1080x1080_sh0.08&_nc_ht=scontent-ams2-1.cdninstagram.com&_nc_cat=100&_nc_ohc=6Sz0mfVg8UgAX_kz3em&edm=AOQ1c0wAAAAA&ccb=7-5&ig_cache_key=MzE5MDk5ODk1Njg1MDU1NTk5Mg%3D%3D.2-ccb7-5&oh=00_AfBX_X_qCzcQaZy1XTz9k4S3ABaZUSxHNHOgP4sqMrQOoQ&oe=653E6FC3&_nc_sid=8b3546,Unas fotos antes de que me diera un ‚Äúgolpe de calor‚Äù jajajaj y me enfermara de temperatura ü•≤ü´∂üèª,[],[],[],688332,1825,False
3190391375710970185,,domelipa,2023-09-12_18-45-11_UTC,2,https://scontent-ams2-1.cdninstagram.com/v/t39.30808-6/375973269_18400673314006764_8937497396042774112_n.jpg?stp=dst-jpg_e35_p1080x1080_sh0.08&_nc_ht=scontent-ams2-1.cdninstagram.com&_nc_cat=100&_nc_ohc=GJOczsGQG-YAX8PQmFQ&edm=AOQ1c0wAAAAA&ccb=7-5&ig_cache_key=MzE5MDM5MTM3MDQ5MzI4NTU2OA%3D%3D.2-ccb7-5&oh=00_AfDtQdsRad2vjff3AVTMhUve6ogEU0cZs_mpPN3u1gathA&oe=653E338F&_nc_sid=8b3546,"Foto 1 o 2ü´∂üèªü©µü©µü©µ 

@liverpool_mexico 
#TodoenLiverpool #thatsit #hollister","['todoenliverpool', 'thatsit', 'hollister']",[],[],798323,2458,False
3187603695378025511,,domelipa,2023-09-08_22-26-33_UTC,1,https://scontent-ams2-1.cdninstagram.com/v/t39.30808-6/375949601_18399939412006764_1649532258046333488_n.jpg?stp=dst-jpg_e15&efg=eyJ2ZW5jb2RlX3RhZyI6ImltYWdlX3VybGdlbi4xNDQweDE0Njkuc2RyIn0&_nc_ht=scontent-ams2-1.cdninstagram.com&_nc_cat=100&_nc_ohc=Kn_Wf3y16oIAX9YLVzv&edm=ALQROFkAAAAA&ccb=7-5&ig_cache_key=MzE4NzYwMzY5NTM3ODAyNTUxMQ%3D%3D.2-ccb7-5&oh=00_AfD6gyHwm0u5J52rWGG6KGkVcaIsUG3yxrFz8ODR4cspwQ&oe=653D68B3&_nc_sid=fc8dfb,,[],[],[],684933,2436,False
3178111170389738849,,domelipa,2023-08-26_20-06-36_UTC,3,https://scontent-ams2-1.cdninstagram.com/v/t39.30808-6/371367239_18397379182006764_94474975844869968_n.jpg?stp=dst-jpg_e35_p1080x1080_sh0.08&_nc_ht=scontent-ams2-1.cdninstagram.com&_nc_cat=100&_nc_ohc=SSa-tDBGRKYAX96orvZ&edm=APU89FAAAAAA&ccb=7-5&oh=00_AfDiXRooGiE8zopxElMePBuEcQdJbj-PwscCw7fdzHjwiw&oe=653EB2EE&_nc_sid=bc0c2c,ü©∂,[],[],[],879214,3693,False
3176854466690798884,,domelipa,2023-08-25_02-29-45_UTC,2,https://scontent-ams2-1.cdninstagram.com/v/t39.30808-6/370477549_18397036306006764_7742808700846987884_n.jpg?stp=dst-jpg_e35_p1080x1080_sh0.08&_nc_ht=scontent-ams2-1.cdninstagram.com&_nc_cat=100&_nc_ohc=qrgqIj_c2KcAX91nGdW&edm=APU89FAAAAAA&ccb=7-5&oh=00_AfDTl5xvb5ubg6OckNuK87WDgjjbB-hrlZOikSLenT2CJQ&oe=653E0EF2&_nc_sid=bc0c2c,"Solo 2 d√≠as para mi cumplea√±os ü§≠üíô #OOTD @liverpool_mexico  @thatsitmexico 
#THATSIT! #thatsus #TodoenLiverpool","['ootd', 'thatsit', 'thatsus', 'todoenliverpool']","['liverpool_mexico', 'thatsitmexico']","['liverpool_mexico', 'thatsitmexico']",961970,9829,False
3164278858014519743,,domelipa,2023-08-07_18-04-16_UTC,6,https://scontent-ams2-1.cdninstagram.com/v/t39.30808-6/366183443_18393665800006764_3282795185758723687_n.jpg?stp=dst-jpg_e35_p1080x1080_sh0.08&_nc_ht=scontent-ams2-1.cdninstagram.com&_nc_cat=100&_nc_ohc=ZSCA5wsvrcIAX9_UKEN&edm=APU89FAAAAAA&ccb=7-5&oh=00_AfAfgVg3Gstdqu38FHTa7sTtDdLpYHVAKtYr45QS-VhzEg&oe=653D7FC5&_nc_sid=bc0c2c,muy regia dir√≠as tu,[],[],[],996494,8100,False
3163547432415627862,,domelipa,2023-08-06_17-51-03_UTC,8,https://scontent-ams2-1.cdninstagram.com/v/t39.30808-6/365642669_18393464566006764_3857476347157077006_n.jpg?stp=dst-jpg_e35_p1080x1080_sh0.08&_nc_ht=scontent-ams2-1.cdninstagram.com&_nc_cat=100&_nc_ohc=DzEC-QdI5yQAX9ptqiX&edm=APU89FAAAAAA&ccb=7-5&oh=00_AfB9ooD4TApBxaA3EEQHea2rO69syfOxNVVKzAQ7Wz0g9Q&oe=653E042D&_nc_sid=bc0c2c,Estamos listos para los @mtvmiaw ??üëÄü´£ü´£ü´£ü´£,[],['mtvmiaw'],"['keniaos', 'guaynaa']",1245324,10489,False
3146857527564257105,,domelipa,2023-07-14_17-11-11_UTC,4,https://scontent-ams2-1.cdninstagram.com/v/t39.30808-6/359452225_18389034556006764_8123278762728601933_n.jpg?stp=dst-jpg_e35_p1080x1080_sh0.08&_nc_ht=scontent-ams2-1.cdninstagram.com&_nc_cat=100&_nc_ohc=wq8BRmAqq5YAX8_8bV0&edm=APU89FAAAAAA&ccb=7-5&oh=00_AfCS6IYhKwXoV5ENQT82V-gRiuicsvymF-9l6ZevAyhFew&oe=653E6B54&_nc_sid=bc0c2c,tuktukkkk te amo ‚ú®,[],[],[],874452,2164,False
3146195603629506966,,domelipa,2023-07-13_19-16-04_UTC,4,https://scontent-ams2-1.cdninstagram.com/v/t39.30808-6/358688818_18388855399006764_3151423610312171107_n.jpg?stp=dst-jpg_e35_p1080x1080_sh0.08&_nc_ht=scontent-ams2-1.cdninstagram.com&_nc_cat=100&_nc_ohc=ueelcPVzGG4AX9H9xry&edm=APU89FAAAAAA&ccb=7-5&oh=00_AfCFhxVa-0wjKrDNqIhbkzkJs9Qi-9O1ON8yZ-iI3HNg3g&oe=653EB20A&_nc_sid=bc0c2c,Una vez m√°s por Brasilüáßüá∑,[],[],[],1036605,2944,False
3145406044960242544,,domelipa,2023-07-12_17-07-21_UTC,5,https://scontent-ams2-1.cdninstagram.com/v/t39.30808-6/359504264_18388649557006764_2950464046490321764_n.jpg?stp=dst-jpg_e35_p1080x1080_sh0.08&_nc_ht=scontent-ams2-1.cdninstagram.com&_nc_cat=100&_nc_ohc=MFLMX5416-AAX89GSLH&edm=APU89FAAAAAA&ccb=7-5&oh=00_AfDLdS5GY1eTq6PALIzfPWC6HaezSIJMcs3BcLT16uqPOg&oe=653EC43A&_nc_sid=bc0c2c,Amo la playa y el sol ‚òÄÔ∏è üåä ¬øles gusta mi bikini? @liverpool_mexico @thatsitmexico #TodoenLiverpool #ThatsIt,"['todoenliverpool', 'thatsit']","['liverpool_mexico', 'thatsitmexico']",['liverpool_mexico'],1551136,3734,False
3145406044960242544,,domelipa,2023-07-12_17-07-21_UTC,5,https://scontent-ams2-1.cdninstagram.com/v/t39.30808-6/359504264_18388649557006764_2950464046490321764_n.jpg?stp=dst-jpg_e35_p1080x1080_sh0.08&_nc_ht=scontent-ams2-1.cdninstagram.com&_nc_cat=100&_nc_ohc=MFLMX5416-AAX8YDaVF&edm=APU89FAAAAAA&ccb=7-5&oh=00_AfAOD7ZR4sfdIWWcnVh5gxLN54F1WqRPUun0yAXQBSs1LQ&oe=653EC43A&_nc_sid=bc0c2c,Amo la playa y el sol ‚òÄÔ∏è üåä ¬øles gusta mi bikini? @liverpool_mexico @thatsitmexico #TodoenLiverpool #ThatsIt,"['todoenliverpool', 'thatsit']","['liverpool_mexico', 'thatsitmexico']",['liverpool_mexico'],1551155,3734,False
3143489391091422928,,domelipa,2023-07-10_01-39-18_UTC,4,https://scontent-ams2-1.cdninstagram.com/v/t39.30808-6/358557397_18388151044006764_5972314522076573681_n.jpg?stp=dst-jpg_e35_p1080x1080_sh0.08&_nc_ht=scontent-ams2-1.cdninstagram.com&_nc_cat=100&_nc_ohc=24X8u_PekHMAX_iyTD9&edm=APU89FAAAAAA&ccb=7-5&oh=00_AfA0yTmu_ZVpEDdh32LSDO420Wr8ALBwB2WpThyZI90wLg&oe=653D9042&_nc_sid=bc0c2c,raro que domi suba tantas fotos en traje de ba√±o,[],[],[],1689905,4065,False
3142007064973663500,,domelipa,2023-07-08_00-34-11_UTC,3,https://scontent-ams2-1.cdninstagram.com/v/t39.30808-6/358443258_18387698047006764_1578836668473433792_n.jpg?stp=dst-jpg_e35_p1080x1080_sh0.08&_nc_ht=scontent-ams2-1.cdninstagram.com&_nc_cat=100&_nc_ohc=5L7OIE34FfcAX_wnBas&edm=APU89FAAAAAA&ccb=7-5&oh=00_AfBnoK31USlD9SpWy2ihxkfcGdj2p28HtQRSp48y2p7bEQ&oe=653DC019&_nc_sid=bc0c2c,"üñ§ @theofficialpandora #FromThailandWithLove
#PandoraSquad23 #PandoraTakesThailand","['fromthailandwithlove', 'pandorasquad23', 'pandoratakesthailand']",['theofficialpandora'],['theofficialpandora'],1334225,2771,False
3141320060275295700,,domelipa,2023-07-07_01-49-14_UTC,2,https://scontent-ams2-1.cdninstagram.com/v/t39.30808-6/358068543_18387498214006764_7270413573368845144_n.jpg?stp=dst-jpg_e35_p1080x1080_sh0.08&_nc_ht=scontent-ams2-1.cdninstagram.com&_nc_cat=100&_nc_ohc=VXhMidyX04gAX-jT0N7&edm=APU89FAAAAAA&ccb=7-5&oh=00_AfAfW4mux3psF4gtUisJSKZ6vaCedUITlDYsHzFf6wCaHA&oe=653F15D5&_nc_sid=bc0c2c,Creo que tienes que dejar la obsesi√≥n con las chicas de la islaüå∏üòÇ,[],[],[],1298553,3275,False
3140325180191353245,,domelipa,2023-07-05_16-52-35_UTC,4,https://scontent-ams2-1.cdninstagram.com/v/t39.30808-6/358091125_18387223978006764_8603426328113736178_n.jpg?stp=dst-jpg_e35_p1080x1080_sh0.08&_nc_ht=scontent-ams2-1.cdninstagram.com&_nc_cat=100&_nc_ohc=mKrG7CkJFlAAX86p8To&edm=APU89FAAAAAA&ccb=7-5&oh=00_AfBMJLYlddwcOCyr0-nl5jskdFBPzMt_wBE29YEvupuV4g&oe=653EE05C&_nc_sid=bc0c2c,,[],[],['theofficialpandora'],1802010,4129,False
3132725388170039107,,domelipa,2023-06-25_05-13-09_UTC,2,https://scontent-ams2-1.cdninstagram.com/v/t51.2885-15/356394496_131729016607901_4898976524639696553_n.jpg?stp=dst-jpg_e35_p1080x1080&_nc_ht=scontent-ams2-1.cdninstagram.com&_nc_cat=105&_nc_ohc=wEHTPzFPU4oAX_CZP2n&edm=APU89FABAAAA&ccb=7-5&oh=00_AfAW3dRj65fia2Z29xd7T5densGrvs0mnBnrPKT8w7DmpA&oe=653E70E8&_nc_sid=bc0c2c,,[],[],[],999979,3388,False
3121505150678304384,,domelipa,2023-06-09_17-40-33_UTC,5,https://scontent-ams4-1.cdninstagram.com/v/t51.2885-15/352283276_661927835751742_3733651381133039899_n.jpg?stp=dst-jpg_e35_p1080x1080&_nc_ht=scontent-ams4-1.cdninstagram.com&_nc_cat=110&_nc_ohc=eVybFNF8VewAX_rI6iJ&edm=APU89FABAAAA&ccb=7-5&oh=00_AfCzFNMudjmmSOZmvyZR0oAOCpcfg-G2rzI9dHwjq-4Ffw&oe=653D8F9A&_nc_sid=bc0c2c,"Ayer fue un d√≠a muy especial para mi ü•π 

Estoy muy agradecida por todo lo que ha pasado estos √∫ltimos a√±os en mi vida, pero anoche, sentada en los @lospremiosheat, rodeada de tantos artistas y creadores tan importantes en la industria; recibir el premio a Influencer del A√±o y estando nominada en la categor√≠a con otros creadores tan fregones, me sent√≠ agradecida y muy muy feliz por tener a cada uno de ustedes apoy√°ndome.

Gracias a mis amigos, mi familia, mi equipo y a cada uno de ustedes.

Los amo 

Atte. Domi",[],['lospremiosheat'],['lospremiosheat'],1479968,4299,False
3120185652469693821,,domelipa,2023-06-07_21-58-56_UTC,3,https://scontent-ams4-1.cdninstagram.com/v/t51.2885-15/352309718_227429180079243_3335339331849755642_n.jpg?stp=dst-jpg_e35_p1080x1080&_nc_ht=scontent-ams4-1.cdninstagram.com&_nc_cat=103&_nc_ohc=SsfexvNj6CUAX-XR0Jt&edm=APU89FABAAAA&ccb=7-5&oh=00_AfANMIdvOUreafQGS4nx4Htf3Cq3LhHfkdjoRht0ook3AA&oe=653E943B&_nc_sid=bc0c2c,üíô,[],[],[],2210145,6166,False
3113674545450119000,,domelipa,2023-05-29_22-22-32_UTC,3,https://scontent-ams2-1.cdninstagram.com/v/t51.2885-15/350093918_1455898775157368_5640211790058455892_n.jpg?stp=dst-jpg_e35_p1080x1080&_nc_ht=scontent-ams2-1.cdninstagram.com&_nc_cat=108&_nc_ohc=dedUKT_2t2sAX-uoVDO&edm=APU89FABAAAA&ccb=7-5&oh=00_AfDzhYMlft4AWzPWtLzzyt_j3_RQ5m3kOD1wY6-qwobmJQ&oe=653F00F1&_nc_sid=bc0c2c,En M√≥naco üá≤üá® üé∂,[],[],[],1239209,3847,False
3112895692138034727,,domelipa,2023-05-28_20-35-05_UTC,5,https://scontent-ams2-1.cdninstagram.com/v/t51.2885-15/350090268_956291895590548_1415527857732826139_n.jpg?stp=dst-jpg_e35_p1080x1080&_nc_ht=scontent-ams2-1.cdninstagram.com&_nc_cat=104&_nc_ohc=ZWuDRum26rkAX_lFIHw&edm=APU89FABAAAA&ccb=7-5&oh=00_AfBtDIkRoEgFo76Hnfx9WeqqW5W125NKhRi2UtIYTOllpw&oe=653F2CA6&_nc_sid=bc0c2c,üñ§üñ§üñ§üñ§,[],[],"['narciza_severa', 'wibaawards']",1000556,3045,False
3101462096566929684,,domelipa,2023-05-13_01-58-34_UTC,4,https://scontent-ams4-1.cdninstagram.com/v/t51.2885-15/346501893_6623049741051937_4457840027150428505_n.jpg?stp=dst-jpg_e35_p1080x1080&_nc_ht=scontent-ams4-1.cdninstagram.com&_nc_cat=101&_nc_ohc=QVi5aYwds9gAX-QH5az&edm=APU89FABAAAA&ccb=7-5&oh=00_AfBmoshDuapRZW5oEENu_-0IzreS3Ys3WgNYZJjXl0H9UA&oe=653D4A8D&_nc_sid=bc0c2c,me gustan las fotos en el espejo,[],[],['adidasmx'],974058,3274,False
3100047346981224036,,domelipa,2023-05-11_03-07-43_UTC,3,https://scontent-ams4-1.cdninstagram.com/v/t51.2885-15/345882593_550815683881795_8941961619574497720_n.jpg?stp=dst-jpg_e35_p1080x1080&_nc_ht=scontent-ams4-1.cdninstagram.com&_nc_cat=107&_nc_ohc=TqdvsmRmp0AAX_R_R4x&edm=APU89FABAAAA&ccb=7-5&oh=00_AfCH7sIovD082o9XmYheDevDkrbah552LJKyT0X3hdD5gA&oe=653DFDBC&_nc_sid=bc0c2c,Que tem√°tica tendr√° mi cumplea√±os este a√±o??üò≥,[],[],[],1547244,4783,False
3092681816666701209,,domelipa,2023-04-30_23-13-43_UTC,10,https://scontent-ams4-1.cdninstagram.com/v/t51.2885-15/344143806_785276059885977_5552691616982935644_n.jpg?stp=dst-jpg_e35_p1080x1080&_nc_ht=scontent-ams4-1.cdninstagram.com&_nc_cat=109&_nc_ohc=EUHl4GjJP0EAX_nrhP3&edm=APU89FABAAAA&ccb=7-5&oh=00_AfBjRdFr18CkOOCKI1ZhTJmCBSjM7HlLspWNKb6xwHA8ZQ&oe=653F21A1&_nc_sid=bc0c2c,Feliz d√≠a del ni√±o pinkirrinos üíì,[],[],[],1077403,2436,False
3082460835973270908,,domelipa,2023-04-16_20-46-28_UTC,1,https://scontent-ams2-1.cdninstagram.com/v/t51.2885-15/341346646_970439464128808_1890137640290807529_n.jpg?stp=dst-jpg_e35&efg=eyJ2ZW5jb2RlX3RhZyI6ImltYWdlX3VybGdlbi4xNDQweDE4MDAuc2RyIn0&_nc_ht=scontent-ams2-1.cdninstagram.com&_nc_cat=104&_nc_ohc=wC1pSe0hQfMAX--risW&edm=ALQROFkBAAAA&ccb=7-5&ig_cache_key=MzA4MjQ2MDgzNTk3MzI3MDkwOA%3D%3D.2-ccb7-5&oh=00_AfCGsgNsJSiaOZN9IdQJzv-X7UuH_HJgS4AQ55Gz5WVHfg&oe=653D671C&_nc_sid=fc8dfb,üòé,[],[],[],799356,3260,False
3082460835973270908,,domelipa,2023-04-16_20-46-28_UTC,1,https://scontent-ams2-1.cdninstagram.com/v/t51.2885-15/341346646_970439464128808_1890137640290807529_n.jpg?stp=dst-jpg_e35&efg=eyJ2ZW5jb2RlX3RhZyI6ImltYWdlX3VybGdlbi4xNDQweDE4MDAuc2RyIn0&_nc_ht=scontent-ams2-1.cdninstagram.com&_nc_cat=104&_nc_ohc=wC1pSe0hQfMAX--risW&edm=ALQROFkBAAAA&ccb=7-5&ig_cache_key=MzA4MjQ2MDgzNTk3MzI3MDkwOA%3D%3D.2-ccb7-5&oh=00_AfCmAIQ08-xr52jJJkSob8zCc0VRErDsr1sbONE8v1SHUw&oe=653F615C&_nc_sid=fc8dfb,üòé,[],[],[],799375,3260,False
3071633402248187995,,domelipa,2023-04-01_22-14-17_UTC,1,https://scontent-ams2-1.cdninstagram.com/v/t51.2885-15/339169286_736044324674220_1598509858243235838_n.jpg?stp=dst-jpg_e35&efg=eyJ2ZW5jb2RlX3RhZyI6ImltYWdlX3VybGdlbi4xNDQweDE3OTkuc2RyIn0&_nc_ht=scontent-ams2-1.cdninstagram.com&_nc_cat=100&_nc_ohc=IrFLK6CgRtIAX8NHyeH&edm=ALQROFkBAAAA&ccb=7-5&ig_cache_key=MzA3MTYzMzQwMjI0ODE4Nzk5NQ%3D%3D.2-ccb7-5&oh=00_AfDdqsSrKfdwyYuKpJovfND34Jrameho3DO5ZnBjhQ5KPg&oe=653E75BB&_nc_sid=fc8dfb,"Les gusta la nueva foto de perfil?üòã

üì∏: @phraa",[],['phraa'],['phraa'],1422334,6845,False
3070151579181651743,,domelipa,2023-03-30_21-10-10_UTC,5,https://scontent-ams4-1.cdninstagram.com/v/t51.2885-15/338585992_584435213437201_9087727094547752960_n.jpg?stp=dst-jpg_e35_p1080x1080&_nc_ht=scontent-ams4-1.cdninstagram.com&_nc_cat=101&_nc_ohc=fpK2Rnxqku0AX-iqFn4&edm=APU89FABAAAA&ccb=7-5&oh=00_AfAW1A_-TEGDR0X_ub4Qrlk4Hx7QpEXr0SFvRMVaMsg_Vw&oe=653E9418&_nc_sid=bc0c2c,algo diferente?,[],[],"['phraa', 'phraanquicia']",1339849,5671,False
3067346898285700346,,domelipa,2023-03-27_00-17-46_UTC,2,https://scontent-ams2-1.cdninstagram.com/v/t51.2885-15/337921484_1381537376026064_3170664874079797955_n.jpg?stp=dst-jpg_e35_p1080x1080&_nc_ht=scontent-ams2-1.cdninstagram.com&_nc_cat=108&_nc_ohc=20wVhNnPOfwAX8sK7ck&edm=APU89FABAAAA&ccb=7-5&oh=00_AfDBPUyKls3zyTLfqed8z6fEaZNqUgmz240WuqMBgUfNzw&oe=653DAE02&_nc_sid=bc0c2c,aeropuertosssssssss,[],[],[],940259,4893,False
3062936546987073447,,domelipa,2023-03-20_22-15-11_UTC,3,https://scontent-ams4-1.cdninstagram.com/v/t51.2885-15/336526093_6158146924252179_495285569306516703_n.jpg?stp=dst-jpg_e35_p1080x1080&_nc_ht=scontent-ams4-1.cdninstagram.com&_nc_cat=103&_nc_ohc=LoG3Y_MCvZ8AX_UF3Bu&edm=APU89FABAAAA&ccb=7-5&oh=00_AfBBDixYvmuX1Pe6LKRry7BFVhsDggQJoyvpw9oJMoOlkA&oe=653ED6F3&_nc_sid=bc0c2c,Ojos chiquititos falta que hablen otro idiomaüé∂ deeeee esa rola q,[],[],[],1459633,4067,False
3042476086445899539,,domelipa,2023-02-20_16-43-54_UTC,2,https://scontent-ams2-1.cdninstagram.com/v/t51.2885-15/332334250_139833235627265_3823808678328180123_n.jpg?stp=dst-jpg_e35_p1080x1080&_nc_ht=scontent-ams2-1.cdninstagram.com&_nc_cat=105&_nc_ohc=bmhtLzCsI1QAX92cyKF&edm=APU89FABAAAA&ccb=7-5&oh=00_AfB58DJ5DMztKhCuRUjZF9_h1wEQwSmIQsnmzCpqh5pzyg&oe=653DC50C&_nc_sid=bc0c2c,"Feliz en Brasil con @theofficialpandora üíñ‚ú®üáßüá∑
#PandoraInRio #PandoraTakesRio #PandoraSquad23","['pandorainrio', 'pandoratakesrio', 'pandorasquad23']",['theofficialpandora'],['theofficialpandora'],946749,3926,False
3041202649773572384,,domelipa,2023-02-18_22-33-48_UTC,1,https://scontent-ams2-1.cdninstagram.com/v/t51.2885-15/331542841_877413900215087_1002070523034077897_n.jpg?stp=dst-jpg_e35&efg=eyJ2ZW5jb2RlX3RhZyI6ImltYWdlX3VybGdlbi4xNDQweDE0NjIuc2RyIn0&_nc_ht=scontent-ams2-1.cdninstagram.com&_nc_cat=111&_nc_ohc=ZCPsuVKjaIcAX-n1B3C&edm=ALQROFkBAAAA&ccb=7-5&ig_cache_key=MzA0MTIwMjY0OTc3MzU3MjM4NA%3D%3D.2-ccb7-5&oh=00_AfAqFj7jQrQ4Uyk5fdThGpW3RpPmFIUmXWnsPdosHZDLjw&oe=653EF0B3&_nc_sid=fc8dfb,no se q poner de descripci√≥n xd,[],[],[],3575377,11076,False
3037554296716083569,,domelipa,2023-02-13_21-45-11_UTC,4,https://scontent-ams2-1.cdninstagram.com/v/t51.2885-15/331003545_914562849562445_6589901770853572692_n.jpg?stp=dst-jpg_e35_p1080x1080&_nc_ht=scontent-ams2-1.cdninstagram.com&_nc_cat=105&_nc_ohc=JDcAwo2v2B0AX8diOAn&edm=APU89FABAAAA&ccb=7-5&oh=00_AfB70Fei_Byr36P9v9FFj-CmsPIk3eCSmnD4NOC1xVbGXg&oe=653F5941&_nc_sid=bc0c2c,ü§ç,[],[],[],994326,4163,False
3035317307140949711,,domelipa,2023-02-10_19-40-41_UTC,2,https://scontent-ams2-1.cdninstagram.com/v/t51.2885-15/329669756_214959234374381_8402014383491331050_n.jpg?stp=dst-jpg_e35_p1080x1080&_nc_ht=scontent-ams2-1.cdninstagram.com&_nc_cat=105&_nc_ohc=VoBuX7oAN4UAX-Bf5za&edm=APU89FABAAAA&ccb=7-5&oh=00_AfBk2dU3Z9w51h-kQz1ulKCuqSjXJ0O846sXr5Br0SG0Kw&oe=653E3192&_nc_sid=bc0c2c,una selfie ‚Ä¢-‚Ä¢,[],[],[],1079898,5492,False
3026013359284168896,,domelipa,2023-01-28_23-35-24_UTC,1,https://scontent-ams4-1.cdninstagram.com/v/t51.2885-15/327822458_1163846887579737_3895443543261947035_n.jpg?stp=dst-jpg_e35&efg=eyJ2ZW5jb2RlX3RhZyI6ImltYWdlX3VybGdlbi44NDJ4ODQyLnNkciJ9&_nc_ht=scontent-ams4-1.cdninstagram.com&_nc_cat=109&_nc_ohc=ym3DlWD_lcIAX-voLBJ&edm=ALQROFkBAAAA&ccb=7-5&ig_cache_key=MzAyNjAxMzM1OTI4NDE2ODg5Ng%3D%3D.2-ccb7-5&oh=00_AfCKzBLUSjuV-JC7_3kpetNjvXsrHXmrfFoiQB06xzYg-Q&oe=653E0EEA&_nc_sid=fc8dfb,üëëbreshhhhüëë,[],[],['bresh'],1013990,9553,False
3023122865084607614,,domelipa,2023-01-24_23-52-30_UTC,3,https://scontent-ams4-1.cdninstagram.com/v/t51.2885-15/327078748_1199419014040083_471635778585450639_n.jpg?stp=dst-jpg_e35_p1080x1080&_nc_ht=scontent-ams4-1.cdninstagram.com&_nc_cat=103&_nc_ohc=SIUXPx85eyUAX9G9QRk&edm=APU89FABAAAA&ccb=7-5&oh=00_AfDL6rKwL1oGYJZ-uDk2UZSSuTgLVLAoVzA03ZhExB1nOw&oe=653F38F1&_nc_sid=bc0c2c,El fr√≠o es mental:p,[],[],[],824021,3811,False
3001368218237976977,,domelipa,2022-12-25_23-29-54_UTC,1,https://scontent-ams4-1.cdninstagram.com/v/t51.2885-15/321535004_2451367201680457_7682041765536342943_n.jpg?stp=dst-jpg_e35&efg=eyJ2ZW5jb2RlX3RhZyI6ImltYWdlX3VybGdlbi4xNDQweDE0NDAuc2RyIn0&_nc_ht=scontent-ams4-1.cdninstagram.com&_nc_cat=101&_nc_ohc=BuFmIdS_Mf0AX-kbjpQ&edm=ALQROFkBAAAA&ccb=7-5&ig_cache_key=MzAwMTM2ODIxODIzNzk3Njk3Nw%3D%3D.2-ccb7-5&oh=00_AfBCD-i6TE_wggZzyqhTzWyLIuiZJlr9KEoxZBpBOxbDIg&oe=653E336B&_nc_sid=fc8dfb,mi morrita‚ù§Ô∏è,[],[],['normarobledo1'],1128450,3389,False
2989758161318765400,,domelipa,2022-12-09_23-02-48_UTC,3,https://scontent-ams4-1.cdninstagram.com/v/t51.2885-15/318626501_606626438132685_4287475672929324125_n.jpg?stp=dst-jpg_e35_s1080x1080&_nc_ht=scontent-ams4-1.cdninstagram.com&_nc_cat=109&_nc_ohc=c5JGLruz9VQAX9B0knx&edm=APU89FABAAAA&ccb=7-5&oh=00_AfBm2uhY4pU2hYv0YefNF5JXTGwSllQvhYAGpSRvrqWheg&oe=653E63A9&_nc_sid=bc0c2c,#adidasforum @badbunnypr,['adidasforum'],['badbunnypr'],[],978352,2014,False
2984617481538567287,,domelipa,2022-12-02_20-49-11_UTC,1,https://scontent-ams2-1.cdninstagram.com/v/t51.2885-15/317876297_703319764375553_1014523184320181354_n.jpg?stp=dst-jpg_e35&efg=eyJ2ZW5jb2RlX3RhZyI6ImltYWdlX3VybGdlbi4xMDY2eDEzMjcuc2RyIn0&_nc_ht=scontent-ams2-1.cdninstagram.com&_nc_cat=105&_nc_ohc=HwUhQ9WZUo4AX8teXZw&edm=ALQROFkBAAAA&ccb=7-5&ig_cache_key=Mjk4NDYxNzQ4MTUzODU2NzI4Nw%3D%3D.2-ccb7-5&oh=00_AfAJPfKjwei0AACNlEN_tdOa6PBLSY8Z6gYl2LFPrQJ6XA&oe=653F0B5E&_nc_sid=fc8dfb,"Quer√≠a una foto bonita en un lugar bonitoü•∫

kk",[],[],[],1844367,5360,False
2983791913363539647,,domelipa,2022-12-01_17-28-55_UTC,2,https://scontent-ams2-1.cdninstagram.com/v/t51.2885-15/317708717_1204758190127816_6290970818537920859_n.jpg?stp=dst-jpg_e35_s1080x1080&_nc_ht=scontent-ams2-1.cdninstagram.com&_nc_cat=108&_nc_ohc=QqkYst_BXagAX-TZFZZ&edm=APU89FABAAAA&ccb=7-5&oh=00_AfAjHixfyNYfFwbiu_kjiHDGlO1CeTBqvgNLeQdnHKFOHw&oe=653DC5E0&_nc_sid=bc0c2c,"MAM√Å ESTOY EN EL MUNDIALü´£üá≤üáΩ 

-no pasamos pero aj√°",[],[],[],2362607,5258,False
2978825533677717385,,domelipa,2022-11-24_21-01-37_UTC,2,https://scontent-ams4-1.cdninstagram.com/v/t51.2885-15/316932032_5564512220330258_5479987225954067944_n.jpg?stp=dst-jpg_e35_p1080x1080&_nc_ht=scontent-ams4-1.cdninstagram.com&_nc_cat=102&_nc_ohc=YQ8XAV6YjY0AX_xlpjc&edm=APU89FABAAAA&ccb=7-5&oh=00_AfAEJrbteuHtuxQzV713sipy2gM56nfT589aTsRlcp5wpg&oe=653E13F7&_nc_sid=bc0c2c,"Sneakers de Taquitos üòã estoy amando la nueva colaboraci√≥n de @adidasmx x Orinoco, ¬°soy fan y m√°s porque son regios! ¬øLes gust√≥ este mix tan cool? #creadoconadidas",['creadoconadidas'],['adidasmx'],"['adidasmx', 'taqueriaorinoco']",1274915,3641,False
2977603275978390078,,domelipa,2022-11-23_04-33-12_UTC,1,https://scontent-ams4-1.cdninstagram.com/v/t51.2885-15/316453231_840130177305814_1667516739296167896_n.jpg?stp=dst-jpg_e35&efg=eyJ2ZW5jb2RlX3RhZyI6ImltYWdlX3VybGdlbi4xNDQweDE4MDAuc2RyIn0&_nc_ht=scontent-ams4-1.cdninstagram.com&_nc_cat=110&_nc_ohc=pWLex8kcLQ8AX_HjfUz&edm=ALQROFkBAAAA&ccb=7-5&ig_cache_key=Mjk3NzYwMzI3NTk3ODM5MDA3OA%3D%3D.2-ccb7-5&oh=00_AfAQ_dckcJlNPIpsswlOxX2PW3xiofPrSs9bNGMyb5D2aw&oe=653E57A1&_nc_sid=fc8dfb,Un par de vuelos m√°s y a casita ü§ç,[],[],[],788920,6109,False
2963515191615298472,,domelipa,2022-11-03_18-02-42_UTC,1,https://scontent-ams2-1.cdninstagram.com/v/t51.2885-15/314015663_502735275120116_835955696337611_n.jpg?stp=dst-jpg_e35&efg=eyJ2ZW5jb2RlX3RhZyI6ImltYWdlX3VybGdlbi4xNDQweDE4MDAuc2RyIn0&_nc_ht=scontent-ams2-1.cdninstagram.com&_nc_cat=108&_nc_ohc=BpEu9aio2y0AX95Jjn6&edm=ALQROFkBAAAA&ccb=7-5&ig_cache_key=Mjk2MzUxNTE5MTYxNTI5ODQ3Mg%3D%3D.2-ccb7-5&oh=00_AfBKw9oTkR6M2Vs_3o-pGlJdXiVZ6gCFidNblyIS26OIqg&oe=653F7A01&_nc_sid=fc8dfb,Estoy amando aqu√≠ ü´£,[],[],[],727292,2946,False
2944801018913194366,,domelipa,2022-10-08_22-20-59_UTC,4,https://scontent-ams4-1.cdninstagram.com/v/t51.2885-15/311032367_517845299676070_3870004713006273804_n.jpg?stp=dst-jpg_e35_s1080x1080&_nc_ht=scontent-ams4-1.cdninstagram.com&_nc_cat=110&_nc_ohc=IxBZnsOPXtsAX_VMZXo&edm=APU89FABAAAA&ccb=7-5&oh=00_AfB1i704eTTFcz7hPqEw0U1CVaNXTYs_MQjUXMLjvebYyg&oe=653F6571&_nc_sid=bc0c2c,üá∞üá∑,[],[],[],1212065,4398,False
2940309982118858632,,domelipa,2022-10-02_17-38-05_UTC,5,https://scontent-ams2-1.cdninstagram.com/v/t51.2885-15/310031380_1447539839085035_8795886913771189032_n.jpg?stp=dst-jpg_e35_p1080x1080&_nc_ht=scontent-ams2-1.cdninstagram.com&_nc_cat=111&_nc_ohc=uqJTaCreLbsAX89jfaE&edm=APU89FABAAAA&ccb=7-5&oh=00_AfA3gjAyTWZshmSryqHQXJrIEoGDdWy6vCJrgocLwnFogg&oe=653F3A4A&_nc_sid=bc0c2c,Me siento feliz ü´∂üèª,[],[],[],1676933,6448,False
2933051220270174300,,domelipa,2022-09-22_17-16-13_UTC,2,https://scontent-ams4-1.cdninstagram.com/v/t51.2885-15/307904387_1843829439285681_5753058376157393225_n.jpg?stp=dst-jpg_e35_p1080x1080&_nc_ht=scontent-ams4-1.cdninstagram.com&_nc_cat=109&_nc_ohc=nGTrgRSY9JkAX_AXgEV&edm=APU89FABAAAA&ccb=7-5&oh=00_AfA5Cxe0UsJJTxnXMojbO9cQo1A0hyL8-KYTxMsK-OI0cg&oe=653DF640&_nc_sid=bc0c2c,foto bonita con una bonita,[],[],['dannapaola'],1270157,3145,False
2917777022723399457,,domelipa,2022-09-01_15-29-07_UTC,1,https://scontent-ams2-1.cdninstagram.com/v/t51.2885-15/302474583_819953636042081_7858089626705899975_n.jpg?stp=dst-jpg_e35&efg=eyJ2ZW5jb2RlX3RhZyI6ImltYWdlX3VybGdlbi4xNDQweDEwODAuc2RyIn0&_nc_ht=scontent-ams2-1.cdninstagram.com&_nc_cat=105&_nc_ohc=4mKnaw85pdUAX9hyvi3&edm=ALQROFkBAAAA&ccb=7-5&ig_cache_key=MjkxNzc3NzAyMjcyMzM5OTQ1Nw%3D%3D.2-ccb7-5&oh=00_AfDbx8onqKhjCLZqx4-RTjOLLTBcfMEf4kjrmJ_2vghRQg&oe=653F88E7&_nc_sid=fc8dfb,playita‚ù§Ô∏è‚Äçü©π,[],[],[],1027678,3243,False
2912017574390297286,,domelipa,2022-08-24_16-46-07_UTC,1,https://scontent-ams2-1.cdninstagram.com/v/t51.2885-15/300773753_3231613257118589_4030115280319257167_n.jpg?stp=dst-jpg_e35&efg=eyJ2ZW5jb2RlX3RhZyI6ImltYWdlX3VybGdlbi4xNDQweDE4MDAuc2RyIn0&_nc_ht=scontent-ams2-1.cdninstagram.com&_nc_cat=105&_nc_ohc=FWX72qgK8jgAX8DTOk6&edm=ALQROFkBAAAA&ccb=7-5&ig_cache_key=MjkxMjAxNzU3NDM5MDI5NzI4Ng%3D%3D.2-ccb7-5&oh=00_AfBMNAX775jeFyoK12GyZ1W2ifCL7LayUGln_xNAtI7E0A&oe=653E294E&_nc_sid=fc8dfb,like y me peino,[],[],[],1578852,5223,False
2905434300494071807,,domelipa,2022-08-15_14-46-20_UTC,1,https://scontent-ams4-1.cdninstagram.com/v/t51.2885-15/299401698_436798118414869_8547832195612749640_n.jpg?stp=dst-jpg_e35&efg=eyJ2ZW5jb2RlX3RhZyI6ImltYWdlX3VybGdlbi4xNDQweDE4MDAuc2RyIn0&_nc_ht=scontent-ams4-1.cdninstagram.com&_nc_cat=101&_nc_ohc=t0D9Uct3SR4AX-hivSj&edm=ALQROFkBAAAA&ccb=7-5&ig_cache_key=MjkwNTQzNDMwMDQ5NDA3MTgwNw%3D%3D.2-ccb7-5&oh=00_AfBtehuhCWGSWOyD9gzNIusfYN428jJL0l4VsptGMHSxkQ&oe=653E4020&_nc_sid=fc8dfb,¬øMe comentas un coraz√≥n verde? üíö#casaraw,['casaraw'],[],[],1401992,12350,False
2895295917801290880,,domelipa,2022-08-01_15-03-11_UTC,1,https://scontent-ams4-1.cdninstagram.com/v/t51.2885-15/297076647_725248145247273_5798680130131430162_n.jpg?stp=dst-jpg_e35&efg=eyJ2ZW5jb2RlX3RhZyI6ImltYWdlX3VybGdlbi4xNDQweDE4MDAuc2RyIn0&_nc_ht=scontent-ams4-1.cdninstagram.com&_nc_cat=109&_nc_ohc=ZcDQoR_jQgwAX_44tDY&edm=ALQROFkBAAAA&ccb=7-5&ig_cache_key=Mjg5NTI5NTkxNzgwMTI5MDg4MA%3D%3D.2-ccb7-5&oh=00_AfAQAAT5_lWrotS_HBZcHDBCRikZhbGnKFFx_pLgT_Oveg&oe=653DFE31&_nc_sid=fc8dfb,"yo quer√≠a subir esta foto ü•∫
si la das like te doy un besito",[],[],[],1426418,6711,False
2888153498040856957,,domelipa,2022-07-22_18-32-28_UTC,1,https://scontent-ams2-1.cdninstagram.com/v/t51.2885-15/294651408_592089048963440_1812537688717744854_n.jpg?stp=dst-jpg_e35&efg=eyJ2ZW5jb2RlX3RhZyI6ImltYWdlX3VybGdlbi4xNDQweDE4MDAuc2RyIn0&_nc_ht=scontent-ams2-1.cdninstagram.com&_nc_cat=108&_nc_ohc=Q-vKyEMF8-kAX_GUOKE&edm=ALQROFkBAAAA&ccb=7-5&ig_cache_key=Mjg4ODE1MzQ5ODA0MDg1Njk1Nw%3D%3D.2-ccb7-5&oh=00_AfC0HmviJuVWJnS4WJayUfgIdm8OTaXdLKoWAABFHq0HIg&oe=653F5C2A&_nc_sid=fc8dfb,Me comentas un coraz√≥n?ü´£,[],[],[],822374,11339,False
2886148763905514833,,domelipa,2022-07-20_00-09-25_UTC,2,https://scontent-ams2-1.cdninstagram.com/v/t51.2885-15/294358459_784252652568126_937604912372155572_n.jpg?stp=dst-jpg_e35_p1080x1080&_nc_ht=scontent-ams2-1.cdninstagram.com&_nc_cat=106&_nc_ohc=bYqYSKE5kikAX_952HA&edm=APU89FABAAAA&ccb=7-5&oh=00_AfAqmr1-KB2b7ChNvCRdge8Op9BzdFo7dGJwVlqC9L_QgA&oe=653E731A&_nc_sid=bc0c2c,"Puesta pa ella‚Ä¶üé∂üíï

@theofficialpandora
#FromThailandWithLove
#PandoraTakesThailand
#PandoraSquad22","['fromthailandwithlove', 'pandoratakesthailand', 'pandorasquad22']",[],['theofficialpandora'],1443648,4977,False
2874531028502346575,,domelipa,2022-07-03_23-27-03_UTC,4,https://scontent-ams2-1.cdninstagram.com/v/t51.2885-15/291747135_2145267902318219_520790630533283829_n.jpg?stp=dst-jpg_e35_p1080x1080&_nc_ht=scontent-ams2-1.cdninstagram.com&_nc_cat=111&_nc_ohc=i9y2qOOnQsUAX-oWtl9&edm=APU89FABAAAA&ccb=7-5&oh=00_AfBEGRl9rvolbs_ImGvglF5YAyQLRqRpxT1RGq4u-aV_ig&oe=653E33B4&_nc_sid=bc0c2c,tu championssss,[],[],[],2015415,10387,False
2854218848913483737,,domelipa,2022-06-05_22-50-22_UTC,1,https://scontent-ams4-1.cdninstagram.com/v/t51.2885-15/285926575_607453153659806_3368401693594082636_n.jpg?stp=dst-jpg_e35&efg=eyJ2ZW5jb2RlX3RhZyI6ImltYWdlX3VybGdlbi4xNDQweDE3OTkuc2RyIn0&_nc_ht=scontent-ams4-1.cdninstagram.com&_nc_cat=102&_nc_ohc=Sxz4pI_22L0AX9XAcTc&edm=ALQROFkBAAAA&ccb=7-5&ig_cache_key=Mjg1NDIxODg0ODkxMzQ4MzczNw%3D%3D.2-ccb7-5&oh=00_AfBY3VQ2wPV9DN_E7mOYWN1BE3mqFsDQIi5tZSp7J5hIMw&oe=653F01C3&_nc_sid=fc8dfb,üò≠üòç,[],[],"['rawtalent.co', 'narciza_severa', 'internationalinfluencersawards']",937529,4411,False
2851450940504250031,,domelipa,2022-06-02_03-11-02_UTC,2,https://scontent-ams2-1.cdninstagram.com/v/t51.2885-15/285117832_583031196478864_2169131466637012276_n.jpg?stp=dst-jpg_e35_p1080x1080&_nc_ht=scontent-ams2-1.cdninstagram.com&_nc_cat=104&_nc_ohc=SprUH47rKx8AX_v_48p&edm=APU89FABAAAA&ccb=7-5&oh=00_AfADNQEbpTjSTokNv3-IBQ0wL-kfzHRYZZY2YNWlhli55A&oe=653EF064&_nc_sid=bc0c2c,qu√© bonita tranquilidad,[],[],[],1328500,4659,False
2839804721034103000,,domelipa,2022-05-17_01-32-04_UTC,2,https://scontent-ams4-1.cdninstagram.com/v/t51.2885-15/281547149_398427468948806_451278003725071494_n.jpg?stp=dst-jpg_e35_p1080x1080&_nc_ht=scontent-ams4-1.cdninstagram.com&_nc_cat=102&_nc_ohc=iT8QdbA8i6IAX8tHd3Y&edm=APU89FABAAAA&ccb=7-5&oh=00_AfCoANhyJXGt9WNMzLQV0WS8sAlB5Wj7NmqUyy5EWVu3JA&oe=653E1A45&_nc_sid=bc0c2c,ponte bonita pa ti bb‚ù§Ô∏è,[],[],[],1294920,9348,False
2835209337972688167,,domelipa,2022-05-10_17-21-52_UTC,1,https://scontent-ams2-1.cdninstagram.com/v/t51.2885-15/280569671_2838196259818110_8718777654072094400_n.jpg?stp=dst-jpg_e35&efg=eyJ2ZW5jb2RlX3RhZyI6ImltYWdlX3VybGdlbi4xNDQweDE4MDAuc2RyIn0&_nc_ht=scontent-ams2-1.cdninstagram.com&_nc_cat=106&_nc_ohc=1lOiCoiaEg4AX8mEHNL&edm=ALQROFkBAAAA&ccb=7-5&ig_cache_key=MjgzNTIwOTMzNzk3MjY4ODE2Nw%3D%3D.2-ccb7-5&oh=00_AfBnVopWO_Fc83Vc1wMX-cjnd61EUpupbT_chHMd5rmbaA&oe=653F382C&_nc_sid=fc8dfb,si no c ve mi cara no le das like:(,[],[],[],1146385,8585,False
2778854879191693819,,domelipa,2022-02-21_23-15-37_UTC,2,https://scontent-ams4-1.cdninstagram.com/v/t51.2885-15/274407730_983166468957313_2835105231048095223_n.jpg?stp=dst-jpg_e35_p1080x1080&_nc_ht=scontent-ams4-1.cdninstagram.com&_nc_cat=101&_nc_ohc=v2GErzoUaCEAX-aqBVn&edm=APU89FABAAAA&ccb=7-5&oh=00_AfDCb1_gAgigAEkZhXLiygQrofKc__rqkWHeP7U7sUAzWA&oe=653F5339&_nc_sid=bc0c2c,"¬øQu√© es eso que cre√≠an imposible lograr y lograron? Yo quer√≠a llegar a muchas personas y compartir que, no importa de d√≥nde vengas o qui√©n seas, siempre puedes lograr tus sue√±os. Hoy, ustedes me permiten llegar a millones de personas y formar parte de su vida a trav√©s de mi m√°s grande pasi√≥n: el baile. Hace a√±os me dijeron que no podr√≠a volver a bailar profesionalmente por una lesi√≥n, sin embargo, no dej√© que nada me detuviera en mi b√∫squeda de conectar con mi sue√±o y hoy lo que parec√≠a imposible es posible. Gracias @adidasmx por apoyar a las mujeres en su camino al √©xito #impossibleisnothing #supportiseverything","['impossibleisnothing', 'supportiseverything']",['adidasmx'],['adidasmx'],1445822,6768,False
2778051784060828821,,domelipa,2022-02-20_20-40-01_UTC,3,https://scontent-ams2-1.cdninstagram.com/v/t51.2885-15/274244113_151949550525352_5446968071767239090_n.jpg?stp=dst-jpg_e35_p1080x1080&_nc_ht=scontent-ams2-1.cdninstagram.com&_nc_cat=104&_nc_ohc=nmNbAKvS9lwAX9gy3xE&edm=APU89FABAAAA&ccb=7-5&oh=00_AfBLtuG9Vm1gPUgAICq8_LHhOji7_qaJ3Fnwvzy-fGiL6w&oe=653F602F&_nc_sid=bc0c2c,say goodbye,[],[],[],1378925,5857,False
2768070580026935016,,domelipa,2022-02-07_02-09-08_UTC,1,https://scontent-ams4-1.cdninstagram.com/v/t51.2885-15/273445922_364028111852881_115632404636791437_n.jpg?stp=dst-jpg_e35&efg=eyJ2ZW5jb2RlX3RhZyI6ImltYWdlX3VybGdlbi4xNDQweDE1MTUuc2RyIn0&_nc_ht=scontent-ams4-1.cdninstagram.com&_nc_cat=101&_nc_ohc=cSjGOKFJyRUAX9RjKoR&edm=ALQROFkBAAAA&ccb=7-5&ig_cache_key=Mjc2ODA3MDU4MDAyNjkzNTAxNg%3D%3D.2-ccb7-5&oh=00_AfCCdy6HcS2Bse7QYdwDskG-Y2aQpoEYC6tsxPZUFUfVdw&oe=653EDE77&_nc_sid=fc8dfb,soy fan de mi funda sorry,[],[],[],1680150,9008,False
2765988469950620337,,domelipa,2022-02-04_05-12-22_UTC,2,https://scontent-ams2-1.cdninstagram.com/v/t51.2885-15/273389890_349631763465772_964504683442115147_n.jpg?stp=dst-jpg_e35_p1080x1080&_nc_ht=scontent-ams2-1.cdninstagram.com&_nc_cat=104&_nc_ohc=qGgmGHFGPo4AX-dbkvD&edm=APU89FABAAAA&ccb=7-5&oh=00_AfDH_oM0yxwcP_FONd9wUe5t1ZX5iP_53IFTdmeT97RRJg&oe=653E3882&_nc_sid=bc0c2c,‚ö´Ô∏è,[],[],[],1642235,12125,False
2765273894582174154,,domelipa,2022-02-03_05-32-38_UTC,1,https://scontent-ams4-1.cdninstagram.com/v/t51.2885-15/273116581_663257038135699_5325643793895999048_n.jpg?stp=dst-jpg_e35&efg=eyJ2ZW5jb2RlX3RhZyI6ImltYWdlX3VybGdlbi4xNDQweDE2MjAuc2RyIn0&_nc_ht=scontent-ams4-1.cdninstagram.com&_nc_cat=107&_nc_ohc=iVETCWoBHnUAX8FKWKZ&edm=ALQROFkBAAAA&ccb=7-5&ig_cache_key=Mjc2NTI3Mzg5NDU4MjE3NDE1NA%3D%3D.2-ccb7-5&oh=00_AfAcAlP4W3bfw1XbvOzRDup9E-SO9IGYw9-Lq2PAQGoMxg&oe=653DE2C2&_nc_sid=fc8dfb,,[],[],[],1612736,20259,False
2755567793223406264,,domelipa,2022-01-20_20-08-20_UTC,3,https://scontent-ams2-1.cdninstagram.com/v/t51.2885-15/272121132_295549045932148_4555344317173482010_n.jpg?stp=dst-jpg_e35_s1080x1080&_nc_ht=scontent-ams2-1.cdninstagram.com&_nc_cat=104&_nc_ohc=8dBxd9QMd9AAX8gticz&edm=APU89FABAAAA&ccb=7-5&oh=00_AfC48Z4T3ePwseKxEyZLMwoWMIgtQxSZSenyeW4Rc_C1pA&oe=653E1EE9&_nc_sid=bc0c2c,üëÄ,[],[],[],1629819,8739,False
2732393554442103768,,domelipa,2021-12-19_20-45-16_UTC,3,https://scontent-ams2-1.cdninstagram.com/v/t51.2885-15/269600334_646801516449172_6495109681062642985_n.jpg?stp=dst-jpg_e35_p1080x1080&_nc_ht=scontent-ams2-1.cdninstagram.com&_nc_cat=104&_nc_ohc=PFA8-LLg1wwAX-FqhQx&edm=APU89FABAAAA&ccb=7-5&oh=00_AfCg2qjomH4I1uRAnK42FtyKInq2y642lGj6H-koMzuAcA&oe=653EB693&_nc_sid=bc0c2c,,[],[],[],2008299,9486,False
2709416292507929864,,domelipa,2021-11-18_03-53-33_UTC,2,https://scontent-ams4-1.cdninstagram.com/v/t51.2885-15/247878458_319052483067781_5422602711953693906_n.jpg?stp=dst-jpg_e35_p1080x1080&_nc_ht=scontent-ams4-1.cdninstagram.com&_nc_cat=101&_nc_ohc=OIo98Dqj0_MAX9jQYGr&edm=APU89FABAAAA&ccb=7-5&oh=00_AfCrV5u2GJEO8OYHmt62Ri7XtL7tP3ICtCty2Pd9w8vFFA&oe=653E84F9&_nc_sid=bc0c2c,odio el fr√≠o y amo dormir ¬øy tu?,[],[],[],1366370,6302,False
2706588191886926640,,domelipa,2021-11-14_06-14-37_UTC,3,https://scontent-ams2-1.cdninstagram.com/v/t51.2885-15/256017251_1059262534820388_5880138779412833334_n.jpg?stp=dst-jpg_e35_p1080x1080&_nc_ht=scontent-ams2-1.cdninstagram.com&_nc_cat=100&_nc_ohc=PrumzI2D7gcAX99tl9O&edm=APU89FABAAAA&ccb=7-5&oh=00_AfBjyvpqZh_HcAJkrGE6AQxAe5AMnBFd-sXMRVqkJKTnTw&oe=653E44A6&_nc_sid=bc0c2c,fierro,[],[],[],1906949,7217,False
2672200357535773026,,domelipa,2021-09-27_19-32-07_UTC,1,https://scontent-ams2-1.cdninstagram.com/v/t51.2885-15/243253031_373839370992452_3814939133064384427_n.jpg?stp=dst-jpg_e35&efg=eyJ2ZW5jb2RlX3RhZyI6ImltYWdlX3VybGdlbi4xNDQweDE0NDAuc2RyIn0&_nc_ht=scontent-ams2-1.cdninstagram.com&_nc_cat=108&_nc_ohc=quSHaL4rHtgAX_d8c8q&edm=ALQROFkBAAAA&ccb=7-5&ig_cache_key=MjY3MjIwMDM1NzUzNTc3MzAyNg%3D%3D.2-ccb7-5&oh=00_AfDYUwCyj9d9osm-rJ2z8lVcZCXs53zoTmHwdtvja7KVkA&oe=653F3F4A&_nc_sid=fc8dfb,Quer√≠a una foto as√≠ jiji,[],[],['vite_1707'],1739337,10857,False
2630893407040824439,,domelipa,2021-08-01_19-42-35_UTC,2,https://scontent-ams2-1.cdninstagram.com/v/t51.2885-15/228349382_354078722955524_162563535005163152_n.jpg?stp=dst-jpg_e35_p1080x1080&_nc_ht=scontent-ams2-1.cdninstagram.com&_nc_cat=108&_nc_ohc=dWWkaZuNXPwAX_kPvlk&edm=APU89FABAAAA&ccb=7-5&oh=00_AfC6SuEGVUh4A12RLnVqGCyZOMJV4EEadvlZ6MpfQP05QA&oe=653F3B60&_nc_sid=bc0c2c,Nunca pens√© estar aqu√≠ üáßüá∑,[],[],[],1928481,10435,False
2551076567456850267,,domelipa,2021-04-13_16-40-46_UTC,2,https://scontent-ams2-1.cdninstagram.com/v/t51.2885-15/172436352_162934929031950_1315504720452021500_n.jpg?stp=dst-jpg_e35_p1080x1080&_nc_ht=scontent-ams2-1.cdninstagram.com&_nc_cat=106&_nc_ohc=l1E_4PjcUEoAX-vYpW8&edm=APU89FABAAAA&ccb=7-5&oh=00_AfC_OdBJQH73k2qudsnwvOh_lVHhPsj7sAbt01PWN2GPCg&oe=653F982A&_nc_sid=bc0c2c,"Playita
.
.
.
.
.
.
.",[],[],[],1842880,11476,False
2536202155624655880,,domelipa,2021-03-24_04-07-58_UTC,2,https://scontent-ams4-1.cdninstagram.com/v/t51.2885-15/163535509_354351426004795_8599351868712330276_n.jpg?stp=dst-jpg_e35_p1080x1080&_nc_ht=scontent-ams4-1.cdninstagram.com&_nc_cat=107&_nc_ohc=B5EcU2iw8BkAX8eTpbV&edm=APU89FABAAAA&ccb=7-5&oh=00_AfDVEYpwFI_-X4AHaZuYDAqR48IAu6rDS10MH_GQWKK18g&oe=653E88CD&_nc_sid=bc0c2c,Si preguntan baby no dices tu nombre üôáüèª‚Äç‚ôÄÔ∏è,[],[],[],1596964,8530,False
